<?xml version="1.0" encoding="UTF-8"?>
<!-- IMPORTANT: This is an internal file that has been generated
     by the Xilinx ISE software.  Any direct editing or
     changes made to this file may result in unpredictable
     behavior or data corruption.  It is strongly advised that
     users do not edit the contents of this file. -->
<DeviceUsageSummary rev="20">
<DesignStatistics TimeStamp="Sun Apr 13 21:33:39 2014"><group name="NetStatistics">
<item name="NumNets_Active" rev="20">
<attrib name="value" value="175"/></item>
<item name="NumNets_Gnd" rev="20">
<attrib name="value" value="1"/></item>
<item name="NumNets_Vcc" rev="20">
<attrib name="value" value="1"/></item>
<item name="NumNodesOfType_Active_CLKPIN" rev="20">
<attrib name="value" value="27"/></item>
<item name="NumNodesOfType_Active_CNTRLPIN" rev="20">
<attrib name="value" value="29"/></item>
<item name="NumNodesOfType_Active_DOUBLE" rev="20">
<attrib name="value" value="140"/></item>
<item name="NumNodesOfType_Active_DUMMY" rev="20">
<attrib name="value" value="272"/></item>
<item name="NumNodesOfType_Active_DUMMYESC" rev="20">
<attrib name="value" value="1"/></item>
<item name="NumNodesOfType_Active_GLOBAL" rev="20">
<attrib name="value" value="9"/></item>
<item name="NumNodesOfType_Active_HFULLHEX" rev="20">
<attrib name="value" value="2"/></item>
<item name="NumNodesOfType_Active_HLONG" rev="20">
<attrib name="value" value="1"/></item>
<item name="NumNodesOfType_Active_HUNIHEX" rev="20">
<attrib name="value" value="6"/></item>
<item name="NumNodesOfType_Active_INPUT" rev="20">
<attrib name="value" value="289"/></item>
<item name="NumNodesOfType_Active_IOBOUTPUT" rev="20">
<attrib name="value" value="1"/></item>
<item name="NumNodesOfType_Active_OMUX" rev="20">
<attrib name="value" value="134"/></item>
<item name="NumNodesOfType_Active_OUTPUT" rev="20">
<attrib name="value" value="172"/></item>
<item name="NumNodesOfType_Active_PREBXBY" rev="20">
<attrib name="value" value="38"/></item>
<item name="NumNodesOfType_Active_VFULLHEX" rev="20">
<attrib name="value" value="5"/></item>
<item name="NumNodesOfType_Active_VLONG" rev="20">
<attrib name="value" value="3"/></item>
<item name="NumNodesOfType_Active_VUNIHEX" rev="20">
<attrib name="value" value="21"/></item>
<item name="NumNodesOfType_Gnd_INPUT" rev="20">
<attrib name="value" value="1"/></item>
<item name="NumNodesOfType_Gnd_OMUX" rev="20">
<attrib name="value" value="1"/></item>
<item name="NumNodesOfType_Gnd_OUTPUT" rev="20">
<attrib name="value" value="1"/></item>
<item name="NumNodesOfType_Gnd_PREBXBY" rev="20">
<attrib name="value" value="2"/></item>
</group>
<group name="SiteStatistics">
<item name="IBUF-DIFFMI" rev="20">
<attrib name="value" value="1"/></item>
<item name="SLICEL-SLICEM" rev="20">
<attrib name="value" value="66"/></item>
</group>
<group name="MiscellaneousStatistics">
<item name="AGG_BONDED_IO" rev="19">
<attrib name="value" value="2"/></item>
<item name="AGG_IO" rev="19">
<attrib name="value" value="2"/></item>
<item name="AGG_SLICE" rev="19">
<attrib name="value" value="131"/></item>
<item name="NUM_4_INPUT_LUT" rev="19">
<attrib name="value" value="157"/></item>
<item name="NUM_BONDED_IBUF" rev="19">
<attrib name="value" value="1"/></item>
<item name="NUM_BONDED_IOB" rev="19">
<attrib name="value" value="1"/></item>
<item name="NUM_BUFGMUX" rev="19">
<attrib name="value" value="1"/></item>
<item name="NUM_CYMUX" rev="19">
<attrib name="value" value="12"/></item>
<item name="NUM_LUT_RT" rev="19">
<attrib name="value" value="12"/></item>
<item name="NUM_RPM" rev="19">
<attrib name="value" value="4"/></item>
<item name="NUM_SLICEL" rev="19">
<attrib name="value" value="131"/></item>
<item name="NUM_SLICE_FF" rev="19">
<attrib name="value" value="42"/></item>
<item name="NUM_SLICE_LATCH" rev="19">
<attrib name="value" value="1"/></item>
<item name="NUM_XOR" rev="19">
<attrib name="value" value="13"/></item>
</group>
</DesignStatistics>
<DeviceUsage TimeStamp="Sun Apr 13 21:33:39 2014"><group name="SiteSummary">
<item name="BUFGMUX" rev="20">
<attrib name="total" value="1000000"/><attrib name="used" value="1"/></item>
<item name="BUFGMUX_GCLKMUX" rev="20">
<attrib name="total" value="1000000"/><attrib name="used" value="1"/></item>
<item name="BUFGMUX_GCLK_BUFFER" rev="20">
<attrib name="total" value="1000000"/><attrib name="used" value="1"/></item>
<item name="IBUF" rev="20">
<attrib name="total" value="1000000"/><attrib name="used" value="1"/></item>
<item name="IBUF_INBUF" rev="20">
<attrib name="total" value="1000000"/><attrib name="used" value="1"/></item>
<item name="IBUF_PAD" rev="20">
<attrib name="total" value="1000000"/><attrib name="used" value="1"/></item>
<item name="IOB" rev="20">
<attrib name="total" value="1000000"/><attrib name="used" value="1"/></item>
<item name="IOB_OUTBUF" rev="20">
<attrib name="total" value="1000000"/><attrib name="used" value="1"/></item>
<item name="IOB_PAD" rev="20">
<attrib name="total" value="1000000"/><attrib name="used" value="1"/></item>
<item name="SLICEL" rev="20">
<attrib name="total" value="1000000"/><attrib name="used" value="131"/></item>
<item name="SLICEL_C1VDD" rev="20">
<attrib name="total" value="1000000"/><attrib name="used" value="1"/></item>
<item name="SLICEL_CYMUXF" rev="20">
<attrib name="total" value="1000000"/><attrib name="used" value="6"/></item>
<item name="SLICEL_CYMUXG" rev="20">
<attrib name="total" value="1000000"/><attrib name="used" value="6"/></item>
<item name="SLICEL_F" rev="20">
<attrib name="total" value="1000000"/><attrib name="used" value="122"/></item>
<item name="SLICEL_F5MUX" rev="20">
<attrib name="total" value="1000000"/><attrib name="used" value="1"/></item>
<item name="SLICEL_FFX" rev="20">
<attrib name="total" value="1000000"/><attrib name="used" value="21"/></item>
<item name="SLICEL_FFY" rev="20">
<attrib name="total" value="1000000"/><attrib name="used" value="22"/></item>
<item name="SLICEL_G" rev="20">
<attrib name="total" value="1000000"/><attrib name="used" value="35"/></item>
<item name="SLICEL_GNDF" rev="20">
<attrib name="total" value="1000000"/><attrib name="used" value="5"/></item>
<item name="SLICEL_GNDG" rev="20">
<attrib name="total" value="1000000"/><attrib name="used" value="6"/></item>
<item name="SLICEL_XORF" rev="20">
<attrib name="total" value="1000000"/><attrib name="used" value="7"/></item>
<item name="SLICEL_XORG" rev="20">
<attrib name="total" value="1000000"/><attrib name="used" value="6"/></item>
</group>
</DeviceUsage>
<ReportConfigData TimeStamp="Sun Apr 13 21:33:39 2014"><group name="SLICEL_CYMUXF">
<item name="0" rev="20">
<attrib name="0" value="6"/><attrib name="0_INV" value="0"/></item>
<item name="1" rev="20">
<attrib name="1_INV" value="0"/><attrib name="1" value="6"/></item>
</group>
<group name="SLICEL_CYMUXG">
<item name="0" rev="20">
<attrib name="0" value="6"/><attrib name="0_INV" value="0"/></item>
</group>
<group name="IBUF_PAD">
<item name="IOATTRBOX" rev="20">
<attrib name="LVCMOS25" value="1"/></item>
</group>
<group name="SLICEL">
<item name="BX" rev="20">
<attrib name="BX_INV" value="0"/><attrib name="BX" value="6"/></item>
<item name="BY" rev="20">
<attrib name="BY" value="4"/><attrib name="BY_INV" value="1"/></item>
<item name="CE" rev="20">
<attrib name="CE" value="10"/><attrib name="CE_INV" value="8"/></item>
<item name="CIN" rev="20">
<attrib name="CIN_INV" value="0"/><attrib name="CIN" value="6"/></item>
<item name="CLK" rev="20">
<attrib name="CLK" value="18"/><attrib name="CLK_INV" value="9"/></item>
<item name="SR" rev="20">
<attrib name="SR" value="11"/><attrib name="SR_INV" value="0"/></item>
</group>
<group name="IOB_OUTBUF">
<item name="IN" rev="20">
<attrib name="IN_INV" value="0"/><attrib name="IN" value="1"/></item>
</group>
<group name="SLICEL_FFX">
<item name="CE" rev="20">
<attrib name="CE" value="9"/><attrib name="CE_INV" value="4"/></item>
<item name="CK" rev="20">
<attrib name="CK" value="17"/><attrib name="CK_INV" value="4"/></item>
<item name="D" rev="20">
<attrib name="D" value="21"/><attrib name="D_INV" value="0"/></item>
<item name="FFX_INIT_ATTR" rev="20">
<attrib name="INIT0" value="21"/></item>
<item name="FFX_SR_ATTR" rev="20">
<attrib name="SRLOW" value="21"/></item>
<item name="LATCH_OR_FF" rev="20">
<attrib name="FF" value="21"/></item>
<item name="SR" rev="20">
<attrib name="SR" value="7"/><attrib name="SR_INV" value="0"/></item>
<item name="SYNC_ATTR" rev="20">
<attrib name="ASYNC" value="14"/><attrib name="SYNC" value="7"/></item>
</group>
<group name="SLICEL_XORF">
<item name="1" rev="20">
<attrib name="1_INV" value="0"/><attrib name="1" value="7"/></item>
</group>
<group name="SLICEL_FFY">
<item name="CE" rev="20">
<attrib name="CE" value="7"/><attrib name="CE_INV" value="8"/></item>
<item name="CK" rev="20">
<attrib name="CK" value="13"/><attrib name="CK_INV" value="9"/></item>
<item name="D" rev="20">
<attrib name="D" value="21"/><attrib name="D_INV" value="1"/></item>
<item name="FFY_INIT_ATTR" rev="20">
<attrib name="INIT0" value="22"/></item>
<item name="FFY_SR_ATTR" rev="20">
<attrib name="SRLOW" value="22"/></item>
<item name="LATCH_OR_FF" rev="20">
<attrib name="FF" value="21"/><attrib name="LATCH" value="1"/></item>
<item name="SR" rev="20">
<attrib name="SR" value="10"/><attrib name="SR_INV" value="0"/></item>
<item name="SYNC_ATTR" rev="20">
<attrib name="ASYNC" value="12"/><attrib name="SYNC" value="10"/></item>
</group>
<group name="BUFGMUX_GCLKMUX">
<item name="DISABLE_ATTR" rev="20">
<attrib name="LOW" value="1"/></item>
<item name="S" rev="20">
<attrib name="S_INV" value="1"/><attrib name="S" value="0"/></item>
</group>
<group name="SLICEL_F5MUX">
<item name="S0" rev="20">
<attrib name="S0" value="1"/><attrib name="S0_INV" value="0"/></item>
</group>
<group name="IOB_PAD">
<item name="DRIVEATTRBOX" rev="20">
<attrib name="12" value="1"/></item>
<item name="IOATTRBOX" rev="20">
<attrib name="LVCMOS25" value="1"/></item>
<item name="SLEW" rev="20">
<attrib name="SLOW" value="1"/></item>
</group>
<group name="IOB">
<item name="O1" rev="20">
<attrib name="O1_INV" value="0"/><attrib name="O1" value="1"/></item>
</group>
<group name="BUFGMUX">
<item name="S" rev="20">
<attrib name="S_INV" value="1"/><attrib name="S" value="0"/></item>
</group>
</ReportConfigData>
<ReportPinData TimeStamp="Sun Apr 13 21:33:39 2014"><group name="SLICEL_CYMUXF">
<item name="0" rev="20">
<attrib name="value" value="6"/></item>
<item name="1" rev="20">
<attrib name="value" value="6"/></item>
<item name="OUT" rev="20">
<attrib name="value" value="6"/></item>
<item name="S0" rev="20">
<attrib name="value" value="6"/></item>
</group>
<group name="SLICEL_CYMUXG">
<item name="0" rev="20">
<attrib name="value" value="6"/></item>
<item name="1" rev="20">
<attrib name="value" value="6"/></item>
<item name="OUT" rev="20">
<attrib name="value" value="6"/></item>
<item name="S0" rev="20">
<attrib name="value" value="6"/></item>
</group>
<group name="IBUF_PAD">
<item name="PAD" rev="20">
<attrib name="value" value="1"/></item>
</group>
<group name="IBUF_INBUF">
<item name="IN" rev="20">
<attrib name="value" value="1"/></item>
<item name="OUT" rev="20">
<attrib name="value" value="1"/></item>
</group>
<group name="BUFGMUX_GCLK_BUFFER">
<item name="IN" rev="20">
<attrib name="value" value="1"/></item>
<item name="OUT" rev="20">
<attrib name="value" value="1"/></item>
</group>
<group name="SLICEL">
<item name="BX" rev="20">
<attrib name="value" value="6"/></item>
<item name="BY" rev="20">
<attrib name="value" value="5"/></item>
<item name="CE" rev="20">
<attrib name="value" value="18"/></item>
<item name="CIN" rev="20">
<attrib name="value" value="6"/></item>
<item name="CLK" rev="20">
<attrib name="value" value="27"/></item>
<item name="COUT" rev="20">
<attrib name="value" value="6"/></item>
<item name="F1" rev="20">
<attrib name="value" value="122"/></item>
<item name="F2" rev="20">
<attrib name="value" value="28"/></item>
<item name="F3" rev="20">
<attrib name="value" value="19"/></item>
<item name="F4" rev="20">
<attrib name="value" value="19"/></item>
<item name="G1" rev="20">
<attrib name="value" value="34"/></item>
<item name="G2" rev="20">
<attrib name="value" value="25"/></item>
<item name="G3" rev="20">
<attrib name="value" value="15"/></item>
<item name="G4" rev="20">
<attrib name="value" value="9"/></item>
<item name="SR" rev="20">
<attrib name="value" value="11"/></item>
<item name="X" rev="20">
<attrib name="value" value="105"/></item>
<item name="XQ" rev="20">
<attrib name="value" value="21"/></item>
<item name="Y" rev="20">
<attrib name="value" value="17"/></item>
<item name="YQ" rev="20">
<attrib name="value" value="22"/></item>
</group>
<group name="IOB_OUTBUF">
<item name="IN" rev="20">
<attrib name="value" value="1"/></item>
<item name="OUT" rev="20">
<attrib name="value" value="1"/></item>
</group>
<group name="IBUF">
<item name="I" rev="20">
<attrib name="value" value="1"/></item>
<item name="PAD" rev="20">
<attrib name="value" value="1"/></item>
</group>
<group name="SLICEL_FFX">
<item name="CE" rev="20">
<attrib name="value" value="13"/></item>
<item name="CK" rev="20">
<attrib name="value" value="21"/></item>
<item name="D" rev="20">
<attrib name="value" value="21"/></item>
<item name="Q" rev="20">
<attrib name="value" value="21"/></item>
<item name="SR" rev="20">
<attrib name="value" value="7"/></item>
</group>
<group name="SLICEL_C2VDD">
<item name="1" rev="9">
<attrib name="value" value="3"/></item>
</group>
<group name="SLICEL_XORF">
<item name="0" rev="20">
<attrib name="value" value="7"/></item>
<item name="1" rev="20">
<attrib name="value" value="7"/></item>
<item name="O" rev="20">
<attrib name="value" value="7"/></item>
</group>
<group name="SLICEL_FFY">
<item name="CE" rev="20">
<attrib name="value" value="15"/></item>
<item name="CK" rev="20">
<attrib name="value" value="22"/></item>
<item name="D" rev="20">
<attrib name="value" value="22"/></item>
<item name="Q" rev="20">
<attrib name="value" value="22"/></item>
<item name="SR" rev="20">
<attrib name="value" value="10"/></item>
</group>
<group name="SLICEL_XORG">
<item name="0" rev="20">
<attrib name="value" value="6"/></item>
<item name="1" rev="20">
<attrib name="value" value="6"/></item>
<item name="O" rev="20">
<attrib name="value" value="6"/></item>
</group>
<group name="BUFGMUX_GCLKMUX">
<item name="I0" rev="20">
<attrib name="value" value="1"/></item>
<item name="OUT" rev="20">
<attrib name="value" value="1"/></item>
<item name="S" rev="20">
<attrib name="value" value="1"/></item>
</group>
<group name="SLICEL_F5MUX">
<item name="F" rev="20">
<attrib name="value" value="1"/></item>
<item name="G" rev="20">
<attrib name="value" value="1"/></item>
<item name="OUT" rev="20">
<attrib name="value" value="1"/></item>
<item name="S0" rev="20">
<attrib name="value" value="1"/></item>
</group>
<group name="IOB_PAD">
<item name="PAD" rev="20">
<attrib name="value" value="1"/></item>
</group>
<group name="IOB">
<item name="O1" rev="20">
<attrib name="value" value="1"/></item>
<item name="PAD" rev="20">
<attrib name="value" value="1"/></item>
</group>
<group name="SLICEL_C1VDD">
<item name="1" rev="20">
<attrib name="value" value="1"/></item>
</group>
<group name="BUFGMUX">
<item name="I0" rev="20">
<attrib name="value" value="1"/></item>
<item name="O" rev="20">
<attrib name="value" value="1"/></item>
<item name="S" rev="20">
<attrib name="value" value="1"/></item>
</group>
<group name="SLICEL_F">
<item name="A1" rev="20">
<attrib name="value" value="122"/></item>
<item name="A2" rev="20">
<attrib name="value" value="28"/></item>
<item name="A3" rev="20">
<attrib name="value" value="19"/></item>
<item name="A4" rev="20">
<attrib name="value" value="19"/></item>
<item name="D" rev="20">
<attrib name="value" value="122"/></item>
</group>
<group name="SLICEL_G">
<item name="A1" rev="20">
<attrib name="value" value="34"/></item>
<item name="A2" rev="20">
<attrib name="value" value="25"/></item>
<item name="A3" rev="20">
<attrib name="value" value="15"/></item>
<item name="A4" rev="20">
<attrib name="value" value="9"/></item>
<item name="D" rev="20">
<attrib name="value" value="35"/></item>
</group>
<group name="SLICEL_GNDF">
<item name="0" rev="20">
<attrib name="value" value="5"/></item>
</group>
<group name="SLICEL_GNDG">
<item name="0" rev="20">
<attrib name="value" value="6"/></item>
</group>
</ReportPinData>
<CmdHistory>
</CmdHistory>
</DeviceUsageSummary>
